{
  "fio version" : "fio-3.32-10-g6b6f5",
  "timestamp" : 1665686159,
  "timestamp_ms" : 1665686159080,
  "time" : "Thu Oct 13 18:35:59 2022",
  "jobs" : [
    {
      "jobname" : "zns-fio",
      "groupid" : 0,
      "error" : 0,
      "eta" : 0,
      "elapsed" : 20,
      "job options" : {
        "name" : "zns-fio",
        "directory" : "/mnt/f2fs",
        "size" : "10G",
        "ioengine" : "libaio",
        "iodepth" : "1",
        "rw" : "write",
        "bs" : "4K",
        "runtime" : "30s",
        "numjobs" : "1",
        "ramp_time" : "10s",
        "write_hint" : "short",
        "nrfiles" : "2",
        "thread" : "2"
      },
      "read" : {
        "io_bytes" : 0,
        "io_kbytes" : 0,
        "bw_bytes" : 0,
        "bw" : 0,
        "iops" : 0.000000,
        "runtime" : 0,
        "total_ios" : 0,
        "short_ios" : 0,
        "drop_ios" : 0,
        "slat_ns" : {
          "min" : 0,
          "max" : 0,
          "mean" : 0.000000,
          "stddev" : 0.000000,
          "N" : 0
        },
        "clat_ns" : {
          "min" : 0,
          "max" : 0,
          "mean" : 0.000000,
          "stddev" : 0.000000,
          "N" : 0
        },
        "lat_ns" : {
          "min" : 0,
          "max" : 0,
          "mean" : 0.000000,
          "stddev" : 0.000000,
          "N" : 0
        },
        "bw_min" : 0,
        "bw_max" : 0,
        "bw_agg" : 0.000000,
        "bw_mean" : 0.000000,
        "bw_dev" : 0.000000,
        "bw_samples" : 0,
        "iops_min" : 0,
        "iops_max" : 0,
        "iops_mean" : 0.000000,
        "iops_stddev" : 0.000000,
        "iops_samples" : 0
      },
      "write" : {
        "io_bytes" : 5069955072,
        "io_kbytes" : 4951128,
        "bw_bytes" : 558488111,
        "bw" : 545398,
        "iops" : 136349.526327,
        "runtime" : 9078,
        "total_ios" : 1237781,
        "short_ios" : 0,
        "drop_ios" : 0,
        "slat_ns" : {
          "min" : 4124,
          "max" : 1267760,
          "mean" : 5158.351488,
          "stddev" : 1884.473514,
          "N" : 1237782
        },
        "clat_ns" : {
          "min" : 1469,
          "max" : 1609955,
          "mean" : 1709.707636,
          "stddev" : 1536.126232,
          "N" : 1237781,
          "percentile" : {
            "1.000000" : 1528,
            "5.000000" : 1560,
            "10.000000" : 1592,
            "20.000000" : 1624,
            "30.000000" : 1656,
            "40.000000" : 1672,
            "50.000000" : 1688,
            "60.000000" : 1720,
            "70.000000" : 1736,
            "80.000000" : 1752,
            "90.000000" : 1784,
            "95.000000" : 1800,
            "99.000000" : 1848,
            "99.500000" : 1864,
            "99.900000" : 12096,
            "99.950000" : 17024,
            "99.990000" : 19328
          }
        },
        "lat_ns" : {
          "min" : 5689,
          "max" : 1616670,
          "mean" : 6868.059352,
          "stddev" : 2443.621241,
          "N" : 1237781
        },
        "bw_min" : 524904,
        "bw_max" : 566560,
        "bw_agg" : 100.000000,
        "bw_mean" : 546336.722222,
        "bw_dev" : 12073.825413,
        "bw_samples" : 18,
        "iops_min" : 131226,
        "iops_max" : 141640,
        "iops_mean" : 136584.166667,
        "iops_stddev" : 3018.424039,
        "iops_samples" : 18
      },
      "trim" : {
        "io_bytes" : 0,
        "io_kbytes" : 0,
        "bw_bytes" : 0,
        "bw" : 0,
        "iops" : 0.000000,
        "runtime" : 0,
        "total_ios" : 0,
        "short_ios" : 0,
        "drop_ios" : 0,
        "slat_ns" : {
          "min" : 0,
          "max" : 0,
          "mean" : 0.000000,
          "stddev" : 0.000000,
          "N" : 0
        },
        "clat_ns" : {
          "min" : 0,
          "max" : 0,
          "mean" : 0.000000,
          "stddev" : 0.000000,
          "N" : 0
        },
        "lat_ns" : {
          "min" : 0,
          "max" : 0,
          "mean" : 0.000000,
          "stddev" : 0.000000,
          "N" : 0
        },
        "bw_min" : 0,
        "bw_max" : 0,
        "bw_agg" : 0.000000,
        "bw_mean" : 0.000000,
        "bw_dev" : 0.000000,
        "bw_samples" : 0,
        "iops_min" : 0,
        "iops_max" : 0,
        "iops_mean" : 0.000000,
        "iops_stddev" : 0.000000,
        "iops_samples" : 0
      },
      "sync" : {
        "total_ios" : 0,
        "lat_ns" : {
          "min" : 0,
          "max" : 0,
          "mean" : 0.000000,
          "stddev" : 0.000000,
          "N" : 0
        }
      },
      "job_runtime" : 9077,
      "usr_cpu" : 32.907348,
      "sys_cpu" : 66.872315,
      "ctx" : 1397,
      "majf" : 0,
      "minf" : 0,
      "iodepth_level" : {
        "1" : 100.000000,
        "2" : 0.000000,
        "4" : 0.000000,
        "8" : 0.000000,
        "16" : 0.000000,
        "32" : 0.000000,
        ">=64" : 0.000000
      },
      "iodepth_submit" : {
        "0" : 0.000000,
        "4" : 100.000000,
        "8" : 0.000000,
        "16" : 0.000000,
        "32" : 0.000000,
        "64" : 0.000000,
        ">=64" : 0.000000
      },
      "iodepth_complete" : {
        "0" : 0.000000,
        "4" : 100.000000,
        "8" : 0.000000,
        "16" : 0.000000,
        "32" : 0.000000,
        "64" : 0.000000,
        ">=64" : 0.000000
      },
      "latency_ns" : {
        "2" : 0.000000,
        "4" : 0.000000,
        "10" : 0.000000,
        "20" : 0.000000,
        "50" : 0.000000,
        "100" : 0.000000,
        "250" : 0.000000,
        "500" : 0.000000,
        "750" : 0.000000,
        "1000" : 0.000000
      },
      "latency_us" : {
        "2" : 99.827110,
        "4" : 0.019309,
        "10" : 0.029488,
        "20" : 0.116499,
        "50" : 0.010000,
        "100" : 0.010000,
        "250" : 0.000000,
        "500" : 0.000000,
        "750" : 0.000000,
        "1000" : 0.000000
      },
      "latency_ms" : {
        "2" : 0.010000,
        "4" : 0.000000,
        "10" : 0.000000,
        "20" : 0.000000,
        "50" : 0.000000,
        "100" : 0.000000,
        "250" : 0.000000,
        "500" : 0.000000,
        "750" : 0.000000,
        "1000" : 0.000000,
        "2000" : 0.000000,
        ">=2000" : 0.000000
      },
      "latency_depth" : 1,
      "latency_target" : 0,
      "latency_percentile" : 100.000000,
      "latency_window" : 0
    }
  ],
  "disk_util" : [
    {
      "name" : "nvme0n1",
      "read_ios" : 0,
      "write_ios" : 6,
      "read_merges" : 0,
      "write_merges" : 2,
      "read_ticks" : 0,
      "write_ticks" : 20,
      "in_queue" : 20,
      "util" : 0.062903
    }
  ]
}
