{
  "fio version" : "fio-3.32-10-g6b6f5",
  "timestamp" : 1665686181,
  "timestamp_ms" : 1665686181047,
  "time" : "Thu Oct 13 18:36:21 2022",
  "jobs" : [
    {
      "jobname" : "zns-fio",
      "groupid" : 0,
      "error" : 0,
      "eta" : 0,
      "elapsed" : 20,
      "job options" : {
        "name" : "zns-fio",
        "directory" : "/mnt/f2fs",
        "size" : "10G",
        "ioengine" : "libaio",
        "iodepth" : "1",
        "rw" : "write",
        "bs" : "4K",
        "runtime" : "30s",
        "numjobs" : "1",
        "ramp_time" : "10s",
        "write_hint" : "short",
        "nrfiles" : "3",
        "thread" : "3"
      },
      "read" : {
        "io_bytes" : 0,
        "io_kbytes" : 0,
        "bw_bytes" : 0,
        "bw" : 0,
        "iops" : 0.000000,
        "runtime" : 0,
        "total_ios" : 0,
        "short_ios" : 0,
        "drop_ios" : 0,
        "slat_ns" : {
          "min" : 0,
          "max" : 0,
          "mean" : 0.000000,
          "stddev" : 0.000000,
          "N" : 0
        },
        "clat_ns" : {
          "min" : 0,
          "max" : 0,
          "mean" : 0.000000,
          "stddev" : 0.000000,
          "N" : 0
        },
        "lat_ns" : {
          "min" : 0,
          "max" : 0,
          "mean" : 0.000000,
          "stddev" : 0.000000,
          "N" : 0
        },
        "bw_min" : 0,
        "bw_max" : 0,
        "bw_agg" : 0.000000,
        "bw_mean" : 0.000000,
        "bw_dev" : 0.000000,
        "bw_samples" : 0,
        "iops_min" : 0,
        "iops_max" : 0,
        "iops_mean" : 0.000000,
        "iops_stddev" : 0.000000,
        "iops_samples" : 0
      },
      "write" : {
        "io_bytes" : 5045137408,
        "io_kbytes" : 4926892,
        "bw_bytes" : 556735533,
        "bw" : 543687,
        "iops" : 135921.650850,
        "runtime" : 9062,
        "total_ios" : 1231722,
        "short_ios" : 0,
        "drop_ios" : 0,
        "slat_ns" : {
          "min" : 4104,
          "max" : 1690409,
          "mean" : 5133.502343,
          "stddev" : 2356.703713,
          "N" : 1231723
        },
        "clat_ns" : {
          "min" : 1513,
          "max" : 63600,
          "mean" : 1754.277616,
          "stddev" : 569.142288,
          "N" : 1231722,
          "percentile" : {
            "1.000000" : 1576,
            "5.000000" : 1592,
            "10.000000" : 1624,
            "20.000000" : 1672,
            "30.000000" : 1688,
            "40.000000" : 1720,
            "50.000000" : 1736,
            "60.000000" : 1752,
            "70.000000" : 1768,
            "80.000000" : 1800,
            "90.000000" : 1816,
            "95.000000" : 1848,
            "99.000000" : 2160,
            "99.500000" : 2224,
            "99.900000" : 12352,
            "99.950000" : 17536,
            "99.990000" : 20608
          }
        },
        "lat_ns" : {
          "min" : 5706,
          "max" : 1696079,
          "mean" : 6887.780566,
          "stddev" : 2448.768240,
          "N" : 1231722
        },
        "bw_min" : 514204,
        "bw_max" : 566541,
        "bw_agg" : 100.000000,
        "bw_mean" : 544384.888889,
        "bw_dev" : 12768.857505,
        "bw_samples" : 18,
        "iops_min" : 128551,
        "iops_max" : 141635,
        "iops_mean" : 136096.055556,
        "iops_stddev" : 3192.285968,
        "iops_samples" : 18
      },
      "trim" : {
        "io_bytes" : 0,
        "io_kbytes" : 0,
        "bw_bytes" : 0,
        "bw" : 0,
        "iops" : 0.000000,
        "runtime" : 0,
        "total_ios" : 0,
        "short_ios" : 0,
        "drop_ios" : 0,
        "slat_ns" : {
          "min" : 0,
          "max" : 0,
          "mean" : 0.000000,
          "stddev" : 0.000000,
          "N" : 0
        },
        "clat_ns" : {
          "min" : 0,
          "max" : 0,
          "mean" : 0.000000,
          "stddev" : 0.000000,
          "N" : 0
        },
        "lat_ns" : {
          "min" : 0,
          "max" : 0,
          "mean" : 0.000000,
          "stddev" : 0.000000,
          "N" : 0
        },
        "bw_min" : 0,
        "bw_max" : 0,
        "bw_agg" : 0.000000,
        "bw_mean" : 0.000000,
        "bw_dev" : 0.000000,
        "bw_samples" : 0,
        "iops_min" : 0,
        "iops_max" : 0,
        "iops_mean" : 0.000000,
        "iops_stddev" : 0.000000,
        "iops_samples" : 0
      },
      "sync" : {
        "total_ios" : 0,
        "lat_ns" : {
          "min" : 0,
          "max" : 0,
          "mean" : 0.000000,
          "stddev" : 0.000000,
          "N" : 0
        }
      },
      "job_runtime" : 9061,
      "usr_cpu" : 35.117537,
      "sys_cpu" : 64.639664,
      "ctx" : 1545,
      "majf" : 0,
      "minf" : 0,
      "iodepth_level" : {
        "1" : 100.000000,
        "2" : 0.000000,
        "4" : 0.000000,
        "8" : 0.000000,
        "16" : 0.000000,
        "32" : 0.000000,
        ">=64" : 0.000000
      },
      "iodepth_submit" : {
        "0" : 0.000000,
        "4" : 100.000000,
        "8" : 0.000000,
        "16" : 0.000000,
        "32" : 0.000000,
        "64" : 0.000000,
        ">=64" : 0.000000
      },
      "iodepth_complete" : {
        "0" : 0.000000,
        "4" : 100.000000,
        "8" : 0.000000,
        "16" : 0.000000,
        "32" : 0.000000,
        "64" : 0.000000,
        ">=64" : 0.000000
      },
      "latency_ns" : {
        "2" : 0.000000,
        "4" : 0.000000,
        "10" : 0.000000,
        "20" : 0.000000,
        "50" : 0.000000,
        "100" : 0.000000,
        "250" : 0.000000,
        "500" : 0.000000,
        "750" : 0.000000,
        "1000" : 0.000000
      },
      "latency_us" : {
        "2" : 98.486915,
        "4" : 1.287547,
        "10" : 0.087682,
        "20" : 0.123648,
        "50" : 0.014127,
        "100" : 0.010000,
        "250" : 0.000000,
        "500" : 0.000000,
        "750" : 0.000000,
        "1000" : 0.000000
      },
      "latency_ms" : {
        "2" : 0.000000,
        "4" : 0.000000,
        "10" : 0.000000,
        "20" : 0.000000,
        "50" : 0.000000,
        "100" : 0.000000,
        "250" : 0.000000,
        "500" : 0.000000,
        "750" : 0.000000,
        "1000" : 0.000000,
        "2000" : 0.000000,
        ">=2000" : 0.000000
      },
      "latency_depth" : 1,
      "latency_target" : 0,
      "latency_percentile" : 100.000000,
      "latency_window" : 0
    }
  ],
  "disk_util" : [
    {
      "name" : "nvme0n1",
      "read_ios" : 0,
      "write_ios" : 7,
      "read_merges" : 0,
      "write_merges" : 2,
      "read_ticks" : 0,
      "write_ticks" : 6,
      "in_queue" : 6,
      "util" : 0.062903
    }
  ]
}
