{
  "fio version" : "fio-3.32-10-g6b6f5",
  "timestamp" : 1665687629,
  "timestamp_ms" : 1665687629690,
  "time" : "Thu Oct 13 19:00:29 2022",
  "jobs" : [
    {
      "jobname" : "zns-fio",
      "groupid" : 0,
      "error" : 0,
      "eta" : 0,
      "elapsed" : 19,
      "job options" : {
        "name" : "zns-fio",
        "directory" : "/mnt/f2fs",
        "size" : "10G",
        "ioengine" : "libaio",
        "iodepth" : "1",
        "rw" : "write",
        "bs" : "4K",
        "runtime" : "30s",
        "numjobs" : "1",
        "ramp_time" : "10s",
        "write_hint" : "short",
        "nrfiles" : "5",
        "thread" : "5"
      },
      "read" : {
        "io_bytes" : 0,
        "io_kbytes" : 0,
        "bw_bytes" : 0,
        "bw" : 0,
        "iops" : 0.000000,
        "runtime" : 0,
        "total_ios" : 0,
        "short_ios" : 0,
        "drop_ios" : 0,
        "slat_ns" : {
          "min" : 0,
          "max" : 0,
          "mean" : 0.000000,
          "stddev" : 0.000000,
          "N" : 0
        },
        "clat_ns" : {
          "min" : 0,
          "max" : 0,
          "mean" : 0.000000,
          "stddev" : 0.000000,
          "N" : 0
        },
        "lat_ns" : {
          "min" : 0,
          "max" : 0,
          "mean" : 0.000000,
          "stddev" : 0.000000,
          "N" : 0
        },
        "bw_min" : 0,
        "bw_max" : 0,
        "bw_agg" : 0.000000,
        "bw_mean" : 0.000000,
        "bw_dev" : 0.000000,
        "bw_samples" : 0,
        "iops_min" : 0,
        "iops_max" : 0,
        "iops_mean" : 0.000000,
        "iops_stddev" : 0.000000,
        "iops_samples" : 0
      },
      "write" : {
        "io_bytes" : 4951552000,
        "io_kbytes" : 4835500,
        "bw_bytes" : 569471190,
        "bw" : 556124,
        "iops" : 139030.937320,
        "runtime" : 8695,
        "total_ios" : 1208874,
        "short_ios" : 0,
        "drop_ios" : 0,
        "slat_ns" : {
          "min" : 4041,
          "max" : 1805576,
          "mean" : 4984.019340,
          "stddev" : 4452.496572,
          "N" : 1208875
        },
        "clat_ns" : {
          "min" : 1483,
          "max" : 1499214,
          "mean" : 1736.033875,
          "stddev" : 1800.098225,
          "N" : 1208874,
          "percentile" : {
            "1.000000" : 1576,
            "5.000000" : 1608,
            "10.000000" : 1624,
            "20.000000" : 1656,
            "30.000000" : 1688,
            "40.000000" : 1704,
            "50.000000" : 1720,
            "60.000000" : 1736,
            "70.000000" : 1752,
            "80.000000" : 1768,
            "90.000000" : 1800,
            "95.000000" : 1816,
            "99.000000" : 1864,
            "99.500000" : 1896,
            "99.900000" : 10944,
            "99.950000" : 15936,
            "99.990000" : 19072
          }
        },
        "lat_ns" : {
          "min" : 5617,
          "max" : 1810272,
          "mean" : 6720.053764,
          "stddev" : 4811.992559,
          "N" : 1208874
        },
        "bw_min" : 530244,
        "bw_max" : 585162,
        "bw_agg" : 100.000000,
        "bw_mean" : 556679.352941,
        "bw_dev" : 14569.506863,
        "bw_samples" : 17,
        "iops_min" : 132561,
        "iops_max" : 146290,
        "iops_mean" : 139169.882353,
        "iops_stddev" : 3642.581020,
        "iops_samples" : 17
      },
      "trim" : {
        "io_bytes" : 0,
        "io_kbytes" : 0,
        "bw_bytes" : 0,
        "bw" : 0,
        "iops" : 0.000000,
        "runtime" : 0,
        "total_ios" : 0,
        "short_ios" : 0,
        "drop_ios" : 0,
        "slat_ns" : {
          "min" : 0,
          "max" : 0,
          "mean" : 0.000000,
          "stddev" : 0.000000,
          "N" : 0
        },
        "clat_ns" : {
          "min" : 0,
          "max" : 0,
          "mean" : 0.000000,
          "stddev" : 0.000000,
          "N" : 0
        },
        "lat_ns" : {
          "min" : 0,
          "max" : 0,
          "mean" : 0.000000,
          "stddev" : 0.000000,
          "N" : 0
        },
        "bw_min" : 0,
        "bw_max" : 0,
        "bw_agg" : 0.000000,
        "bw_mean" : 0.000000,
        "bw_dev" : 0.000000,
        "bw_samples" : 0,
        "iops_min" : 0,
        "iops_max" : 0,
        "iops_mean" : 0.000000,
        "iops_stddev" : 0.000000,
        "iops_samples" : 0
      },
      "sync" : {
        "total_ios" : 0,
        "lat_ns" : {
          "min" : 0,
          "max" : 0,
          "mean" : 0.000000,
          "stddev" : 0.000000,
          "N" : 0
        }
      },
      "job_runtime" : 8694,
      "usr_cpu" : 34.863124,
      "sys_cpu" : 64.814815,
      "ctx" : 964,
      "majf" : 0,
      "minf" : 0,
      "iodepth_level" : {
        "1" : 100.000000,
        "2" : 0.000000,
        "4" : 0.000000,
        "8" : 0.000000,
        "16" : 0.000000,
        "32" : 0.000000,
        ">=64" : 0.000000
      },
      "iodepth_submit" : {
        "0" : 0.000000,
        "4" : 100.000000,
        "8" : 0.000000,
        "16" : 0.000000,
        "32" : 0.000000,
        "64" : 0.000000,
        ">=64" : 0.000000
      },
      "iodepth_complete" : {
        "0" : 0.000000,
        "4" : 100.000000,
        "8" : 0.000000,
        "16" : 0.000000,
        "32" : 0.000000,
        "64" : 0.000000,
        ">=64" : 0.000000
      },
      "latency_ns" : {
        "2" : 0.000000,
        "4" : 0.000000,
        "10" : 0.000000,
        "20" : 0.000000,
        "50" : 0.000000,
        "100" : 0.000000,
        "250" : 0.000000,
        "500" : 0.000000,
        "750" : 0.000000,
        "1000" : 0.000000
      },
      "latency_us" : {
        "2" : 99.828353,
        "4" : 0.023410,
        "10" : 0.030028,
        "20" : 0.112253,
        "50" : 0.010000,
        "100" : 0.000000,
        "250" : 0.000000,
        "500" : 0.000000,
        "750" : 0.000000,
        "1000" : 0.000000
      },
      "latency_ms" : {
        "2" : 0.010000,
        "4" : 0.000000,
        "10" : 0.000000,
        "20" : 0.000000,
        "50" : 0.000000,
        "100" : 0.000000,
        "250" : 0.000000,
        "500" : 0.000000,
        "750" : 0.000000,
        "1000" : 0.000000,
        "2000" : 0.000000,
        ">=2000" : 0.000000
      },
      "latency_depth" : 1,
      "latency_target" : 0,
      "latency_percentile" : 100.000000,
      "latency_window" : 0
    }
  ],
  "disk_util" : [
    {
      "name" : "nvme0n1",
      "read_ios" : 0,
      "write_ios" : 13,
      "read_merges" : 0,
      "write_merges" : 3,
      "read_ticks" : 0,
      "write_ticks" : 11,
      "in_queue" : 11,
      "util" : 0.064603
    }
  ]
}
