{
  "fio version" : "fio-3.32-10-g6b6f5",
  "timestamp" : 1665685311,
  "timestamp_ms" : 1665685311633,
  "time" : "Thu Oct 13 18:21:51 2022",
  "jobs" : [
    {
      "jobname" : "zns-fio",
      "groupid" : 0,
      "error" : 0,
      "eta" : 0,
      "elapsed" : 43,
      "job options" : {
        "name" : "zns-fio",
        "filename" : "/dev/nvme0n2",
        "size" : "40z",
        "ioengine" : "libaio",
        "iodepth" : "7",
        "rw" : "write",
        "bs" : "4K",
        "runtime" : "30s",
        "numjobs" : "1",
        "ramp_time" : "10s"
      },
      "read" : {
        "io_bytes" : 0,
        "io_kbytes" : 0,
        "bw_bytes" : 0,
        "bw" : 0,
        "iops" : 0.000000,
        "runtime" : 0,
        "total_ios" : 0,
        "short_ios" : 0,
        "drop_ios" : 0,
        "slat_ns" : {
          "min" : 0,
          "max" : 0,
          "mean" : 0.000000,
          "stddev" : 0.000000,
          "N" : 0
        },
        "clat_ns" : {
          "min" : 0,
          "max" : 0,
          "mean" : 0.000000,
          "stddev" : 0.000000,
          "N" : 0
        },
        "lat_ns" : {
          "min" : 0,
          "max" : 0,
          "mean" : 0.000000,
          "stddev" : 0.000000,
          "N" : 0
        },
        "bw_min" : 0,
        "bw_max" : 0,
        "bw_agg" : 0.000000,
        "bw_mean" : 0.000000,
        "bw_dev" : 0.000000,
        "bw_samples" : 0,
        "iops_min" : 0,
        "iops_max" : 0,
        "iops_mean" : 0.000000,
        "iops_stddev" : 0.000000,
        "iops_samples" : 0
      },
      "write" : {
        "io_bytes" : 18969047040,
        "io_kbytes" : 18524460,
        "bw_bytes" : 632280491,
        "bw" : 617461,
        "iops" : 154365.121163,
        "runtime" : 30001,
        "total_ios" : 4631108,
        "short_ios" : 0,
        "drop_ios" : 0,
        "slat_ns" : {
          "min" : 3290,
          "max" : 1347044,
          "mean" : 4365.723571,
          "stddev" : 1474.782346,
          "N" : 4631109
        },
        "clat_ns" : {
          "min" : 3530,
          "max" : 1399817,
          "mean" : 40556.334210,
          "stddev" : 5070.538756,
          "N" : 4631114,
          "percentile" : {
            "1.000000" : 35072,
            "5.000000" : 35584,
            "10.000000" : 36096,
            "20.000000" : 37120,
            "30.000000" : 38144,
            "40.000000" : 38656,
            "50.000000" : 39168,
            "60.000000" : 40192,
            "70.000000" : 41728,
            "80.000000" : 43264,
            "90.000000" : 46336,
            "95.000000" : 48896,
            "99.000000" : 57600,
            "99.500000" : 62208,
            "99.900000" : 72192,
            "99.950000" : 77312,
            "99.990000" : 91648
          }
        },
        "lat_ns" : {
          "min" : 8146,
          "max" : 1405158,
          "mean" : 44922.057440,
          "stddev" : 5590.053192,
          "N" : 4631114
        },
        "bw_min" : 581739,
        "bw_max" : 654184,
        "bw_agg" : 100.000000,
        "bw_mean" : 618217.050847,
        "bw_dev" : 16984.127781,
        "bw_samples" : 59,
        "iops_min" : 145434,
        "iops_max" : 163546,
        "iops_mean" : 154554.152542,
        "iops_stddev" : 4246.134996,
        "iops_samples" : 59
      },
      "trim" : {
        "io_bytes" : 0,
        "io_kbytes" : 0,
        "bw_bytes" : 0,
        "bw" : 0,
        "iops" : 0.000000,
        "runtime" : 0,
        "total_ios" : 0,
        "short_ios" : 0,
        "drop_ios" : 0,
        "slat_ns" : {
          "min" : 0,
          "max" : 0,
          "mean" : 0.000000,
          "stddev" : 0.000000,
          "N" : 0
        },
        "clat_ns" : {
          "min" : 0,
          "max" : 0,
          "mean" : 0.000000,
          "stddev" : 0.000000,
          "N" : 0
        },
        "lat_ns" : {
          "min" : 0,
          "max" : 0,
          "mean" : 0.000000,
          "stddev" : 0.000000,
          "N" : 0
        },
        "bw_min" : 0,
        "bw_max" : 0,
        "bw_agg" : 0.000000,
        "bw_mean" : 0.000000,
        "bw_dev" : 0.000000,
        "bw_samples" : 0,
        "iops_min" : 0,
        "iops_max" : 0,
        "iops_mean" : 0.000000,
        "iops_stddev" : 0.000000,
        "iops_samples" : 0
      },
      "sync" : {
        "total_ios" : 0,
        "lat_ns" : {
          "min" : 0,
          "max" : 0,
          "mean" : 0.000000,
          "stddev" : 0.000000,
          "N" : 0
        }
      },
      "job_runtime" : 30000,
      "usr_cpu" : 36.850000,
      "sys_cpu" : 63.146667,
      "ctx" : 78,
      "majf" : 0,
      "minf" : 37,
      "iodepth_level" : {
        "1" : 0.000000,
        "2" : 0.000000,
        "4" : 100.000000,
        "8" : 0.000000,
        "16" : 0.000000,
        "32" : 0.000000,
        ">=64" : 0.000000
      },
      "iodepth_submit" : {
        "0" : 0.000000,
        "4" : 100.000000,
        "8" : 0.000000,
        "16" : 0.000000,
        "32" : 0.000000,
        "64" : 0.000000,
        ">=64" : 0.000000
      },
      "iodepth_complete" : {
        "0" : 0.000000,
        "4" : 99.999978,
        "8" : 0.100000,
        "16" : 0.000000,
        "32" : 0.000000,
        "64" : 0.000000,
        ">=64" : 0.000000
      },
      "latency_ns" : {
        "2" : 0.000000,
        "4" : 0.000000,
        "10" : 0.000000,
        "20" : 0.000000,
        "50" : 0.000000,
        "100" : 0.000000,
        "250" : 0.000000,
        "500" : 0.000000,
        "750" : 0.000000,
        "1000" : 0.000000
      },
      "latency_us" : {
        "2" : 0.000000,
        "4" : 0.010000,
        "10" : 0.000000,
        "20" : 0.010000,
        "50" : 96.086790,
        "100" : 3.910339,
        "250" : 0.010000,
        "500" : 0.000000,
        "750" : 0.010000,
        "1000" : 0.010000
      },
      "latency_ms" : {
        "2" : 0.010000,
        "4" : 0.000000,
        "10" : 0.000000,
        "20" : 0.000000,
        "50" : 0.000000,
        "100" : 0.000000,
        "250" : 0.000000,
        "500" : 0.000000,
        "750" : 0.000000,
        "1000" : 0.000000,
        "2000" : 0.000000,
        ">=2000" : 0.000000
      },
      "latency_depth" : 7,
      "latency_target" : 0,
      "latency_percentile" : 100.000000,
      "latency_window" : 0
    }
  ],
  "disk_util" : [
    {
      "name" : "nvme0n2",
      "read_ios" : 48,
      "write_ios" : 54878,
      "read_merges" : 0,
      "write_merges" : 6075930,
      "read_ticks" : 2,
      "write_ticks" : 2642312,
      "in_queue" : 2642313,
      "util" : 49.349214
    }
  ]
}
