{
  "fio version" : "fio-3.32-10-g6b6f5",
  "timestamp" : 1665685183,
  "timestamp_ms" : 1665685183895,
  "time" : "Thu Oct 13 18:19:43 2022",
  "jobs" : [
    {
      "jobname" : "zns-fio",
      "groupid" : 0,
      "error" : 0,
      "eta" : 0,
      "elapsed" : 44,
      "job options" : {
        "name" : "zns-fio",
        "filename" : "/dev/nvme0n2",
        "size" : "40z",
        "ioengine" : "libaio",
        "iodepth" : "4",
        "rw" : "write",
        "bs" : "4K",
        "runtime" : "30s",
        "numjobs" : "1",
        "ramp_time" : "10s"
      },
      "read" : {
        "io_bytes" : 0,
        "io_kbytes" : 0,
        "bw_bytes" : 0,
        "bw" : 0,
        "iops" : 0.000000,
        "runtime" : 0,
        "total_ios" : 0,
        "short_ios" : 0,
        "drop_ios" : 0,
        "slat_ns" : {
          "min" : 0,
          "max" : 0,
          "mean" : 0.000000,
          "stddev" : 0.000000,
          "N" : 0
        },
        "clat_ns" : {
          "min" : 0,
          "max" : 0,
          "mean" : 0.000000,
          "stddev" : 0.000000,
          "N" : 0
        },
        "lat_ns" : {
          "min" : 0,
          "max" : 0,
          "mean" : 0.000000,
          "stddev" : 0.000000,
          "N" : 0
        },
        "bw_min" : 0,
        "bw_max" : 0,
        "bw_agg" : 0.000000,
        "bw_mean" : 0.000000,
        "bw_dev" : 0.000000,
        "bw_samples" : 0,
        "iops_min" : 0,
        "iops_max" : 0,
        "iops_mean" : 0.000000,
        "iops_stddev" : 0.000000,
        "iops_samples" : 0
      },
      "write" : {
        "io_bytes" : 18729418752,
        "io_kbytes" : 18290448,
        "bw_bytes" : 624293148,
        "bw" : 609661,
        "iops" : 152415.186160,
        "runtime" : 30001,
        "total_ios" : 4572608,
        "short_ios" : 0,
        "drop_ios" : 0,
        "slat_ns" : {
          "min" : 3275,
          "max" : 1782248,
          "mean" : 4482.057100,
          "stddev" : 2830.981931,
          "N" : 4572609
        },
        "clat_ns" : {
          "min" : 3828,
          "max" : 1821944,
          "mean" : 21334.940164,
          "stddev" : 6284.014691,
          "N" : 4572611,
          "percentile" : {
            "1.000000" : 17792,
            "5.000000" : 18048,
            "10.000000" : 18304,
            "20.000000" : 19072,
            "30.000000" : 19328,
            "40.000000" : 19584,
            "50.000000" : 20096,
            "60.000000" : 20864,
            "70.000000" : 21632,
            "80.000000" : 22912,
            "90.000000" : 25472,
            "95.000000" : 28032,
            "99.000000" : 36096,
            "99.500000" : 39168,
            "99.900000" : 51456,
            "99.950000" : 56064,
            "99.990000" : 158720
          }
        },
        "lat_ns" : {
          "min" : 8552,
          "max" : 1827470,
          "mean" : 25816.996967,
          "stddev" : 7236.101288,
          "N" : 4572611
        },
        "bw_min" : 510861,
        "bw_max" : 653450,
        "bw_agg" : 100.000000,
        "bw_mean" : 610243.559322,
        "bw_dev" : 34379.846628,
        "bw_samples" : 59,
        "iops_min" : 127715,
        "iops_max" : 163362,
        "iops_mean" : 152560.762712,
        "iops_stddev" : 8595.080944,
        "iops_samples" : 59
      },
      "trim" : {
        "io_bytes" : 0,
        "io_kbytes" : 0,
        "bw_bytes" : 0,
        "bw" : 0,
        "iops" : 0.000000,
        "runtime" : 0,
        "total_ios" : 0,
        "short_ios" : 0,
        "drop_ios" : 0,
        "slat_ns" : {
          "min" : 0,
          "max" : 0,
          "mean" : 0.000000,
          "stddev" : 0.000000,
          "N" : 0
        },
        "clat_ns" : {
          "min" : 0,
          "max" : 0,
          "mean" : 0.000000,
          "stddev" : 0.000000,
          "N" : 0
        },
        "lat_ns" : {
          "min" : 0,
          "max" : 0,
          "mean" : 0.000000,
          "stddev" : 0.000000,
          "N" : 0
        },
        "bw_min" : 0,
        "bw_max" : 0,
        "bw_agg" : 0.000000,
        "bw_mean" : 0.000000,
        "bw_dev" : 0.000000,
        "bw_samples" : 0,
        "iops_min" : 0,
        "iops_max" : 0,
        "iops_mean" : 0.000000,
        "iops_stddev" : 0.000000,
        "iops_samples" : 0
      },
      "sync" : {
        "total_ios" : 0,
        "lat_ns" : {
          "min" : 0,
          "max" : 0,
          "mean" : 0.000000,
          "stddev" : 0.000000,
          "N" : 0
        }
      },
      "job_runtime" : 30000,
      "usr_cpu" : 37.343333,
      "sys_cpu" : 62.653333,
      "ctx" : 62,
      "majf" : 0,
      "minf" : 38,
      "iodepth_level" : {
        "1" : 0.000000,
        "2" : 0.000000,
        "4" : 100.000000,
        "8" : 0.000000,
        "16" : 0.000000,
        "32" : 0.000000,
        ">=64" : 0.000000
      },
      "iodepth_submit" : {
        "0" : 0.000000,
        "4" : 100.000000,
        "8" : 0.000000,
        "16" : 0.000000,
        "32" : 0.000000,
        "64" : 0.000000,
        ">=64" : 0.000000
      },
      "iodepth_complete" : {
        "0" : 0.000000,
        "4" : 100.000000,
        "8" : 0.000000,
        "16" : 0.000000,
        "32" : 0.000000,
        "64" : 0.000000,
        ">=64" : 0.000000
      },
      "latency_ns" : {
        "2" : 0.000000,
        "4" : 0.000000,
        "10" : 0.000000,
        "20" : 0.000000,
        "50" : 0.000000,
        "100" : 0.000000,
        "250" : 0.000000,
        "500" : 0.000000,
        "750" : 0.000000,
        "1000" : 0.000000
      },
      "latency_us" : {
        "2" : 0.000000,
        "4" : 0.010000,
        "10" : 0.000000,
        "20" : 45.931818,
        "50" : 53.949715,
        "100" : 0.105476,
        "250" : 0.010913,
        "500" : 0.010000,
        "750" : 0.010000,
        "1000" : 0.000000
      },
      "latency_ms" : {
        "2" : 0.010000,
        "4" : 0.000000,
        "10" : 0.000000,
        "20" : 0.000000,
        "50" : 0.000000,
        "100" : 0.000000,
        "250" : 0.000000,
        "500" : 0.000000,
        "750" : 0.000000,
        "1000" : 0.000000,
        "2000" : 0.000000,
        ">=2000" : 0.000000
      },
      "latency_depth" : 4,
      "latency_target" : 0,
      "latency_percentile" : 100.000000,
      "latency_window" : 0
    }
  ],
  "disk_util" : [
    {
      "name" : "nvme0n2",
      "read_ios" : 48,
      "write_ios" : 50510,
      "read_merges" : 0,
      "write_merges" : 5779733,
      "read_ticks" : 1,
      "write_ticks" : 2465391,
      "in_queue" : 2465393,
      "util" : 47.880600
    }
  ]
}
