{
  "fio version" : "fio-3.32-10-g6b6f5",
  "timestamp" : 1665685140,
  "timestamp_ms" : 1665685140607,
  "time" : "Thu Oct 13 18:19:00 2022",
  "jobs" : [
    {
      "jobname" : "zns-fio",
      "groupid" : 0,
      "error" : 0,
      "eta" : 0,
      "elapsed" : 43,
      "job options" : {
        "name" : "zns-fio",
        "filename" : "/dev/nvme0n2",
        "size" : "40z",
        "ioengine" : "libaio",
        "iodepth" : "3",
        "rw" : "write",
        "bs" : "4K",
        "runtime" : "30s",
        "numjobs" : "1",
        "ramp_time" : "10s"
      },
      "read" : {
        "io_bytes" : 0,
        "io_kbytes" : 0,
        "bw_bytes" : 0,
        "bw" : 0,
        "iops" : 0.000000,
        "runtime" : 0,
        "total_ios" : 0,
        "short_ios" : 0,
        "drop_ios" : 0,
        "slat_ns" : {
          "min" : 0,
          "max" : 0,
          "mean" : 0.000000,
          "stddev" : 0.000000,
          "N" : 0
        },
        "clat_ns" : {
          "min" : 0,
          "max" : 0,
          "mean" : 0.000000,
          "stddev" : 0.000000,
          "N" : 0
        },
        "lat_ns" : {
          "min" : 0,
          "max" : 0,
          "mean" : 0.000000,
          "stddev" : 0.000000,
          "N" : 0
        },
        "bw_min" : 0,
        "bw_max" : 0,
        "bw_agg" : 0.000000,
        "bw_mean" : 0.000000,
        "bw_dev" : 0.000000,
        "bw_samples" : 0,
        "iops_min" : 0,
        "iops_max" : 0,
        "iops_mean" : 0.000000,
        "iops_stddev" : 0.000000,
        "iops_samples" : 0
      },
      "write" : {
        "io_bytes" : 18365644800,
        "io_kbytes" : 17935200,
        "bw_bytes" : 612167754,
        "bw" : 597820,
        "iops" : 149454.951502,
        "runtime" : 30001,
        "total_ios" : 4483798,
        "short_ios" : 0,
        "drop_ios" : 0,
        "slat_ns" : {
          "min" : 3240,
          "max" : 2637336,
          "mean" : 4663.236023,
          "stddev" : 3589.006015,
          "N" : 4483798
        },
        "clat_ns" : {
          "min" : 4105,
          "max" : 2667408,
          "mean" : 14990.459444,
          "stddev" : 6290.252307,
          "N" : 4483800,
          "percentile" : {
            "1.000000" : 12224,
            "5.000000" : 12352,
            "10.000000" : 12480,
            "20.000000" : 12992,
            "30.000000" : 13248,
            "40.000000" : 13504,
            "50.000000" : 13760,
            "60.000000" : 14144,
            "70.000000" : 14656,
            "80.000000" : 15936,
            "90.000000" : 19840,
            "95.000000" : 22400,
            "99.000000" : 28032,
            "99.500000" : 30848,
            "99.900000" : 41728,
            "99.950000" : 46336,
            "99.990000" : 55040
          }
        },
        "lat_ns" : {
          "min" : 8034,
          "max" : 2671522,
          "mean" : 19653.694928,
          "stddev" : 7722.390587,
          "N" : 4483800
        },
        "bw_min" : 517482,
        "bw_max" : 670525,
        "bw_agg" : 100.000000,
        "bw_mean" : 598768.050847,
        "bw_dev" : 33860.203885,
        "bw_samples" : 59,
        "iops_min" : 129370,
        "iops_max" : 167631,
        "iops_mean" : 149691.779661,
        "iops_stddev" : 8465.096610,
        "iops_samples" : 59
      },
      "trim" : {
        "io_bytes" : 0,
        "io_kbytes" : 0,
        "bw_bytes" : 0,
        "bw" : 0,
        "iops" : 0.000000,
        "runtime" : 0,
        "total_ios" : 0,
        "short_ios" : 0,
        "drop_ios" : 0,
        "slat_ns" : {
          "min" : 0,
          "max" : 0,
          "mean" : 0.000000,
          "stddev" : 0.000000,
          "N" : 0
        },
        "clat_ns" : {
          "min" : 0,
          "max" : 0,
          "mean" : 0.000000,
          "stddev" : 0.000000,
          "N" : 0
        },
        "lat_ns" : {
          "min" : 0,
          "max" : 0,
          "mean" : 0.000000,
          "stddev" : 0.000000,
          "N" : 0
        },
        "bw_min" : 0,
        "bw_max" : 0,
        "bw_agg" : 0.000000,
        "bw_mean" : 0.000000,
        "bw_dev" : 0.000000,
        "bw_samples" : 0,
        "iops_min" : 0,
        "iops_max" : 0,
        "iops_mean" : 0.000000,
        "iops_stddev" : 0.000000,
        "iops_samples" : 0
      },
      "sync" : {
        "total_ios" : 0,
        "lat_ns" : {
          "min" : 0,
          "max" : 0,
          "mean" : 0.000000,
          "stddev" : 0.000000,
          "N" : 0
        }
      },
      "job_runtime" : 30000,
      "usr_cpu" : 35.290000,
      "sys_cpu" : 64.703333,
      "ctx" : 95,
      "majf" : 0,
      "minf" : 37,
      "iodepth_level" : {
        "1" : 0.000000,
        "2" : 100.000000,
        "4" : 0.000000,
        "8" : 0.000000,
        "16" : 0.000000,
        "32" : 0.000000,
        ">=64" : 0.000000
      },
      "iodepth_submit" : {
        "0" : 0.000000,
        "4" : 100.000000,
        "8" : 0.000000,
        "16" : 0.000000,
        "32" : 0.000000,
        "64" : 0.000000,
        ">=64" : 0.000000
      },
      "iodepth_complete" : {
        "0" : 0.000000,
        "4" : 100.000000,
        "8" : 0.000000,
        "16" : 0.000000,
        "32" : 0.000000,
        "64" : 0.000000,
        ">=64" : 0.000000
      },
      "latency_ns" : {
        "2" : 0.000000,
        "4" : 0.000000,
        "10" : 0.000000,
        "20" : 0.000000,
        "50" : 0.000000,
        "100" : 0.000000,
        "250" : 0.000000,
        "500" : 0.000000,
        "750" : 0.000000,
        "1000" : 0.000000
      },
      "latency_us" : {
        "2" : 0.000000,
        "4" : 0.000000,
        "10" : 0.010000,
        "20" : 90.312476,
        "50" : 9.665266,
        "100" : 0.020719,
        "250" : 0.010000,
        "500" : 0.010000,
        "750" : 0.010000,
        "1000" : 0.000000
      },
      "latency_ms" : {
        "2" : 0.010000,
        "4" : 0.010000,
        "10" : 0.000000,
        "20" : 0.000000,
        "50" : 0.000000,
        "100" : 0.000000,
        "250" : 0.000000,
        "500" : 0.000000,
        "750" : 0.000000,
        "1000" : 0.000000,
        "2000" : 0.000000,
        ">=2000" : 0.000000
      },
      "latency_depth" : 3,
      "latency_target" : 0,
      "latency_percentile" : 100.000000,
      "latency_window" : 0
    }
  ],
  "disk_util" : [
    {
      "name" : "nvme0n2",
      "read_ios" : 48,
      "write_ios" : 51879,
      "read_merges" : 0,
      "write_merges" : 5797178,
      "read_ticks" : 2,
      "write_ticks" : 2269031,
      "in_queue" : 2269032,
      "util" : 46.404342
    }
  ]
}
