{
  "fio version" : "fio-3.32-10-g6b6f5",
  "timestamp" : 1665685097,
  "timestamp_ms" : 1665685097498,
  "time" : "Thu Oct 13 18:18:17 2022",
  "jobs" : [
    {
      "jobname" : "zns-fio",
      "groupid" : 0,
      "error" : 0,
      "eta" : 0,
      "elapsed" : 43,
      "job options" : {
        "name" : "zns-fio",
        "filename" : "/dev/nvme0n2",
        "size" : "40z",
        "ioengine" : "libaio",
        "iodepth" : "2",
        "rw" : "write",
        "bs" : "4K",
        "runtime" : "30s",
        "numjobs" : "1",
        "ramp_time" : "10s"
      },
      "read" : {
        "io_bytes" : 0,
        "io_kbytes" : 0,
        "bw_bytes" : 0,
        "bw" : 0,
        "iops" : 0.000000,
        "runtime" : 0,
        "total_ios" : 0,
        "short_ios" : 0,
        "drop_ios" : 0,
        "slat_ns" : {
          "min" : 0,
          "max" : 0,
          "mean" : 0.000000,
          "stddev" : 0.000000,
          "N" : 0
        },
        "clat_ns" : {
          "min" : 0,
          "max" : 0,
          "mean" : 0.000000,
          "stddev" : 0.000000,
          "N" : 0
        },
        "lat_ns" : {
          "min" : 0,
          "max" : 0,
          "mean" : 0.000000,
          "stddev" : 0.000000,
          "N" : 0
        },
        "bw_min" : 0,
        "bw_max" : 0,
        "bw_agg" : 0.000000,
        "bw_mean" : 0.000000,
        "bw_dev" : 0.000000,
        "bw_samples" : 0,
        "iops_min" : 0,
        "iops_max" : 0,
        "iops_mean" : 0.000000,
        "iops_stddev" : 0.000000,
        "iops_samples" : 0
      },
      "write" : {
        "io_bytes" : 18681442304,
        "io_kbytes" : 18243596,
        "bw_bytes" : 622693987,
        "bw" : 608099,
        "iops" : 152024.832506,
        "runtime" : 30001,
        "total_ios" : 4560897,
        "short_ios" : 0,
        "drop_ios" : 0,
        "slat_ns" : {
          "min" : 3290,
          "max" : 1807867,
          "mean" : 4486.342246,
          "stddev" : 2274.222781,
          "N" : 4560898
        },
        "clat_ns" : {
          "min" : 3530,
          "max" : 1813806,
          "mean" : 8213.143384,
          "stddev" : 2582.984909,
          "N" : 4560898,
          "percentile" : {
            "1.000000" : 6944,
            "5.000000" : 7008,
            "10.000000" : 7072,
            "20.000000" : 7264,
            "30.000000" : 7456,
            "40.000000" : 7584,
            "50.000000" : 7712,
            "60.000000" : 7968,
            "70.000000" : 8256,
            "80.000000" : 8768,
            "90.000000" : 9536,
            "95.000000" : 10560,
            "99.000000" : 15296,
            "99.500000" : 19072,
            "99.900000" : 25984,
            "99.950000" : 29056,
            "99.990000" : 43264
          }
        },
        "lat_ns" : {
          "min" : 7218,
          "max" : 1822353,
          "mean" : 12699.485630,
          "stddev" : 3697.999981,
          "N" : 4560898
        },
        "bw_min" : 478816,
        "bw_max" : 654104,
        "bw_agg" : 100.000000,
        "bw_mean" : 608174.220339,
        "bw_dev" : 30179.285419,
        "bw_samples" : 59,
        "iops_min" : 119704,
        "iops_max" : 163526,
        "iops_mean" : 152043.389831,
        "iops_stddev" : 7544.770434,
        "iops_samples" : 59
      },
      "trim" : {
        "io_bytes" : 0,
        "io_kbytes" : 0,
        "bw_bytes" : 0,
        "bw" : 0,
        "iops" : 0.000000,
        "runtime" : 0,
        "total_ios" : 0,
        "short_ios" : 0,
        "drop_ios" : 0,
        "slat_ns" : {
          "min" : 0,
          "max" : 0,
          "mean" : 0.000000,
          "stddev" : 0.000000,
          "N" : 0
        },
        "clat_ns" : {
          "min" : 0,
          "max" : 0,
          "mean" : 0.000000,
          "stddev" : 0.000000,
          "N" : 0
        },
        "lat_ns" : {
          "min" : 0,
          "max" : 0,
          "mean" : 0.000000,
          "stddev" : 0.000000,
          "N" : 0
        },
        "bw_min" : 0,
        "bw_max" : 0,
        "bw_agg" : 0.000000,
        "bw_mean" : 0.000000,
        "bw_dev" : 0.000000,
        "bw_samples" : 0,
        "iops_min" : 0,
        "iops_max" : 0,
        "iops_mean" : 0.000000,
        "iops_stddev" : 0.000000,
        "iops_samples" : 0
      },
      "sync" : {
        "total_ios" : 0,
        "lat_ns" : {
          "min" : 0,
          "max" : 0,
          "mean" : 0.000000,
          "stddev" : 0.000000,
          "N" : 0
        }
      },
      "job_runtime" : 30000,
      "usr_cpu" : 36.423333,
      "sys_cpu" : 63.570000,
      "ctx" : 67,
      "majf" : 0,
      "minf" : 39,
      "iodepth_level" : {
        "1" : 0.000000,
        "2" : 100.000000,
        "4" : 0.000000,
        "8" : 0.000000,
        "16" : 0.000000,
        "32" : 0.000000,
        ">=64" : 0.000000
      },
      "iodepth_submit" : {
        "0" : 0.000000,
        "4" : 100.000000,
        "8" : 0.000000,
        "16" : 0.000000,
        "32" : 0.000000,
        "64" : 0.000000,
        ">=64" : 0.000000
      },
      "iodepth_complete" : {
        "0" : 0.000000,
        "4" : 100.000000,
        "8" : 0.000000,
        "16" : 0.000000,
        "32" : 0.000000,
        "64" : 0.000000,
        ">=64" : 0.000000
      },
      "latency_ns" : {
        "2" : 0.000000,
        "4" : 0.000000,
        "10" : 0.000000,
        "20" : 0.000000,
        "50" : 0.000000,
        "100" : 0.000000,
        "250" : 0.000000,
        "500" : 0.000000,
        "750" : 0.000000,
        "1000" : 0.000000
      },
      "latency_us" : {
        "2" : 0.000000,
        "4" : 0.010000,
        "10" : 92.877037,
        "20" : 6.708351,
        "50" : 0.410226,
        "100" : 0.010000,
        "250" : 0.010000,
        "500" : 0.010000,
        "750" : 0.000000,
        "1000" : 0.010000
      },
      "latency_ms" : {
        "2" : 0.010000,
        "4" : 0.000000,
        "10" : 0.000000,
        "20" : 0.000000,
        "50" : 0.000000,
        "100" : 0.000000,
        "250" : 0.000000,
        "500" : 0.000000,
        "750" : 0.000000,
        "1000" : 0.000000,
        "2000" : 0.000000,
        ">=2000" : 0.000000
      },
      "latency_depth" : 2,
      "latency_target" : 0,
      "latency_percentile" : 100.000000,
      "latency_window" : 0
    }
  ],
  "disk_util" : [
    {
      "name" : "nvme0n2",
      "read_ios" : 48,
      "write_ios" : 52025,
      "read_merges" : 0,
      "write_merges" : 5883079,
      "read_ticks" : 1,
      "write_ticks" : 2210051,
      "in_queue" : 2210053,
      "util" : 47.542961
    }
  ]
}
