{
  "fio version" : "fio-3.32-10-g6b6f5",
  "timestamp" : 1665685353,
  "timestamp_ms" : 1665685353998,
  "time" : "Thu Oct 13 18:22:33 2022",
  "jobs" : [
    {
      "jobname" : "zns-fio",
      "groupid" : 0,
      "error" : 0,
      "eta" : 0,
      "elapsed" : 43,
      "job options" : {
        "name" : "zns-fio",
        "filename" : "/dev/nvme0n2",
        "size" : "40z",
        "ioengine" : "libaio",
        "iodepth" : "8",
        "rw" : "write",
        "bs" : "4K",
        "runtime" : "30s",
        "numjobs" : "1",
        "ramp_time" : "10s"
      },
      "read" : {
        "io_bytes" : 0,
        "io_kbytes" : 0,
        "bw_bytes" : 0,
        "bw" : 0,
        "iops" : 0.000000,
        "runtime" : 0,
        "total_ios" : 0,
        "short_ios" : 0,
        "drop_ios" : 0,
        "slat_ns" : {
          "min" : 0,
          "max" : 0,
          "mean" : 0.000000,
          "stddev" : 0.000000,
          "N" : 0
        },
        "clat_ns" : {
          "min" : 0,
          "max" : 0,
          "mean" : 0.000000,
          "stddev" : 0.000000,
          "N" : 0
        },
        "lat_ns" : {
          "min" : 0,
          "max" : 0,
          "mean" : 0.000000,
          "stddev" : 0.000000,
          "N" : 0
        },
        "bw_min" : 0,
        "bw_max" : 0,
        "bw_agg" : 0.000000,
        "bw_mean" : 0.000000,
        "bw_dev" : 0.000000,
        "bw_samples" : 0,
        "iops_min" : 0,
        "iops_max" : 0,
        "iops_mean" : 0.000000,
        "iops_stddev" : 0.000000,
        "iops_samples" : 0
      },
      "write" : {
        "io_bytes" : 18862759936,
        "io_kbytes" : 18420664,
        "bw_bytes" : 628737706,
        "bw" : 614001,
        "iops" : 153500.149995,
        "runtime" : 30001,
        "total_ios" : 4605158,
        "short_ios" : 0,
        "drop_ios" : 0,
        "slat_ns" : {
          "min" : 3245,
          "max" : 28642743,
          "mean" : 4344.157943,
          "stddev" : 13631.364146,
          "N" : 4605159
        },
        "clat_ns" : {
          "min" : 3968,
          "max" : 28693808,
          "mean" : 47325.276251,
          "stddev" : 36595.765806,
          "N" : 4605165,
          "percentile" : {
            "1.000000" : 40704,
            "5.000000" : 41728,
            "10.000000" : 42240,
            "20.000000" : 43264,
            "30.000000" : 44288,
            "40.000000" : 45312,
            "50.000000" : 45824,
            "60.000000" : 46848,
            "70.000000" : 48384,
            "80.000000" : 49920,
            "90.000000" : 53504,
            "95.000000" : 57088,
            "99.000000" : 66048,
            "99.500000" : 71168,
            "99.900000" : 82432,
            "99.950000" : 87552,
            "99.990000" : 103936
          }
        },
        "lat_ns" : {
          "min" : 8041,
          "max" : 28698593,
          "mean" : 51669.434282,
          "stddev" : 39101.223038,
          "N" : 4605165
        },
        "bw_min" : 545048,
        "bw_max" : 648368,
        "bw_agg" : 100.000000,
        "bw_mean" : 614857.316667,
        "bw_dev" : 19421.241175,
        "bw_samples" : 60,
        "iops_min" : 136262,
        "iops_max" : 162092,
        "iops_mean" : 153714.200000,
        "iops_stddev" : 4855.189992,
        "iops_samples" : 60
      },
      "trim" : {
        "io_bytes" : 0,
        "io_kbytes" : 0,
        "bw_bytes" : 0,
        "bw" : 0,
        "iops" : 0.000000,
        "runtime" : 0,
        "total_ios" : 0,
        "short_ios" : 0,
        "drop_ios" : 0,
        "slat_ns" : {
          "min" : 0,
          "max" : 0,
          "mean" : 0.000000,
          "stddev" : 0.000000,
          "N" : 0
        },
        "clat_ns" : {
          "min" : 0,
          "max" : 0,
          "mean" : 0.000000,
          "stddev" : 0.000000,
          "N" : 0
        },
        "lat_ns" : {
          "min" : 0,
          "max" : 0,
          "mean" : 0.000000,
          "stddev" : 0.000000,
          "N" : 0
        },
        "bw_min" : 0,
        "bw_max" : 0,
        "bw_agg" : 0.000000,
        "bw_mean" : 0.000000,
        "bw_dev" : 0.000000,
        "bw_samples" : 0,
        "iops_min" : 0,
        "iops_max" : 0,
        "iops_mean" : 0.000000,
        "iops_stddev" : 0.000000,
        "iops_samples" : 0
      },
      "sync" : {
        "total_ios" : 0,
        "lat_ns" : {
          "min" : 0,
          "max" : 0,
          "mean" : 0.000000,
          "stddev" : 0.000000,
          "N" : 0
        }
      },
      "job_runtime" : 30000,
      "usr_cpu" : 37.723333,
      "sys_cpu" : 62.273333,
      "ctx" : 54,
      "majf" : 0,
      "minf" : 39,
      "iodepth_level" : {
        "1" : 0.000000,
        "2" : 0.000000,
        "4" : 0.000000,
        "8" : 100.000000,
        "16" : 0.000000,
        "32" : 0.000000,
        ">=64" : 0.000000
      },
      "iodepth_submit" : {
        "0" : 0.000000,
        "4" : 100.000000,
        "8" : 0.000000,
        "16" : 0.000000,
        "32" : 0.000000,
        "64" : 0.000000,
        ">=64" : 0.000000
      },
      "iodepth_complete" : {
        "0" : 0.000000,
        "4" : 99.999978,
        "8" : 0.100000,
        "16" : 0.000000,
        "32" : 0.000000,
        "64" : 0.000000,
        ">=64" : 0.000000
      },
      "latency_ns" : {
        "2" : 0.000000,
        "4" : 0.000000,
        "10" : 0.000000,
        "20" : 0.000000,
        "50" : 0.000000,
        "100" : 0.000000,
        "250" : 0.000000,
        "500" : 0.000000,
        "750" : 0.000000,
        "1000" : 0.000000
      },
      "latency_us" : {
        "2" : 0.000000,
        "4" : 0.010000,
        "10" : 0.000000,
        "20" : 0.010000,
        "50" : 79.583980,
        "100" : 20.402818,
        "250" : 0.010000,
        "500" : 0.000000,
        "750" : 0.010000,
        "1000" : 0.000000
      },
      "latency_ms" : {
        "2" : 0.010000,
        "4" : 0.010000,
        "10" : 0.000000,
        "20" : 0.000000,
        "50" : 0.010000,
        "100" : 0.000000,
        "250" : 0.000000,
        "500" : 0.000000,
        "750" : 0.000000,
        "1000" : 0.000000,
        "2000" : 0.000000,
        ">=2000" : 0.000000
      },
      "latency_depth" : 8,
      "latency_target" : 0,
      "latency_percentile" : 100.000000,
      "latency_window" : 0
    }
  ],
  "disk_util" : [
    {
      "name" : "nvme0n2",
      "read_ios" : 48,
      "write_ios" : 52795,
      "read_merges" : 0,
      "write_merges" : 6031075,
      "read_ticks" : 2,
      "write_ticks" : 2605787,
      "in_queue" : 2605789,
      "util" : 47.943666
    }
  ]
}
