{
  "fio version" : "fio-3.32-10-g6b6f5",
  "timestamp" : 1665685755,
  "timestamp_ms" : 1665685755254,
  "time" : "Thu Oct 13 18:29:15 2022",
  "jobs" : [
    {
      "jobname" : "zns-fio",
      "groupid" : 0,
      "error" : 0,
      "eta" : 0,
      "elapsed" : 41,
      "job options" : {
        "name" : "zns-fio",
        "directory" : "/mnt/f2fs",
        "size" : "40G",
        "ioengine" : "libaio",
        "iodepth" : "3",
        "rw" : "write",
        "bs" : "4K",
        "runtime" : "30s",
        "numjobs" : "1",
        "ramp_time" : "10s",
        "write_hint" : "short",
        "nrfiles" : "1",
        "thread" : "1"
      },
      "read" : {
        "io_bytes" : 0,
        "io_kbytes" : 0,
        "bw_bytes" : 0,
        "bw" : 0,
        "iops" : 0.000000,
        "runtime" : 0,
        "total_ios" : 0,
        "short_ios" : 0,
        "drop_ios" : 0,
        "slat_ns" : {
          "min" : 0,
          "max" : 0,
          "mean" : 0.000000,
          "stddev" : 0.000000,
          "N" : 0
        },
        "clat_ns" : {
          "min" : 0,
          "max" : 0,
          "mean" : 0.000000,
          "stddev" : 0.000000,
          "N" : 0
        },
        "lat_ns" : {
          "min" : 0,
          "max" : 0,
          "mean" : 0.000000,
          "stddev" : 0.000000,
          "N" : 0
        },
        "bw_min" : 0,
        "bw_max" : 0,
        "bw_agg" : 0.000000,
        "bw_mean" : 0.000000,
        "bw_dev" : 0.000000,
        "bw_samples" : 0,
        "iops_min" : 0,
        "iops_max" : 0,
        "iops_mean" : 0.000000,
        "iops_stddev" : 0.000000,
        "iops_samples" : 0
      },
      "write" : {
        "io_bytes" : 15800897536,
        "io_kbytes" : 15430564,
        "bw_bytes" : 526679028,
        "bw" : 514334,
        "iops" : 128583.647212,
        "runtime" : 30001,
        "total_ios" : 3857638,
        "short_ios" : 0,
        "drop_ios" : 0,
        "slat_ns" : {
          "min" : 4122,
          "max" : 14987698,
          "mean" : 5560.122011,
          "stddev" : 11774.620742,
          "N" : 3857639
        },
        "clat_ns" : {
          "min" : 3820,
          "max" : 15035220,
          "mean" : 17300.238890,
          "stddev" : 16955.327965,
          "N" : 3857640,
          "percentile" : {
            "1.000000" : 14400,
            "5.000000" : 14784,
            "10.000000" : 14912,
            "20.000000" : 15296,
            "30.000000" : 15680,
            "40.000000" : 15936,
            "50.000000" : 16512,
            "60.000000" : 17024,
            "70.000000" : 17536,
            "80.000000" : 18048,
            "90.000000" : 19328,
            "95.000000" : 21120,
            "99.000000" : 31104,
            "99.500000" : 35072,
            "99.900000" : 65280,
            "99.950000" : 125440,
            "99.990000" : 350208
          }
        },
        "lat_ns" : {
          "min" : 9200,
          "max" : 15055191,
          "mean" : 22860.360967,
          "stddev" : 20744.872760,
          "N" : 3857640
        },
        "bw_min" : 436664,
        "bw_max" : 581074,
        "bw_agg" : 100.000000,
        "bw_mean" : 515826.322034,
        "bw_dev" : 30066.036247,
        "bw_samples" : 59,
        "iops_min" : 109166,
        "iops_max" : 145268,
        "iops_mean" : 128956.271186,
        "iops_stddev" : 7516.438832,
        "iops_samples" : 59
      },
      "trim" : {
        "io_bytes" : 0,
        "io_kbytes" : 0,
        "bw_bytes" : 0,
        "bw" : 0,
        "iops" : 0.000000,
        "runtime" : 0,
        "total_ios" : 0,
        "short_ios" : 0,
        "drop_ios" : 0,
        "slat_ns" : {
          "min" : 0,
          "max" : 0,
          "mean" : 0.000000,
          "stddev" : 0.000000,
          "N" : 0
        },
        "clat_ns" : {
          "min" : 0,
          "max" : 0,
          "mean" : 0.000000,
          "stddev" : 0.000000,
          "N" : 0
        },
        "lat_ns" : {
          "min" : 0,
          "max" : 0,
          "mean" : 0.000000,
          "stddev" : 0.000000,
          "N" : 0
        },
        "bw_min" : 0,
        "bw_max" : 0,
        "bw_agg" : 0.000000,
        "bw_mean" : 0.000000,
        "bw_dev" : 0.000000,
        "bw_samples" : 0,
        "iops_min" : 0,
        "iops_max" : 0,
        "iops_mean" : 0.000000,
        "iops_stddev" : 0.000000,
        "iops_samples" : 0
      },
      "sync" : {
        "total_ios" : 0,
        "lat_ns" : {
          "min" : 0,
          "max" : 0,
          "mean" : 0.000000,
          "stddev" : 0.000000,
          "N" : 0
        }
      },
      "job_runtime" : 30000,
      "usr_cpu" : 32.740000,
      "sys_cpu" : 65.890000,
      "ctx" : 18974,
      "majf" : 0,
      "minf" : 0,
      "iodepth_level" : {
        "1" : 0.000000,
        "2" : 100.000000,
        "4" : 0.000000,
        "8" : 0.000000,
        "16" : 0.000000,
        "32" : 0.000000,
        ">=64" : 0.000000
      },
      "iodepth_submit" : {
        "0" : 0.000000,
        "4" : 100.000000,
        "8" : 0.000000,
        "16" : 0.000000,
        "32" : 0.000000,
        "64" : 0.000000,
        ">=64" : 0.000000
      },
      "iodepth_complete" : {
        "0" : 0.000000,
        "4" : 100.000000,
        "8" : 0.000000,
        "16" : 0.000000,
        "32" : 0.000000,
        "64" : 0.000000,
        ">=64" : 0.000000
      },
      "latency_ns" : {
        "2" : 0.000000,
        "4" : 0.000000,
        "10" : 0.000000,
        "20" : 0.000000,
        "50" : 0.000000,
        "100" : 0.000000,
        "250" : 0.000000,
        "500" : 0.000000,
        "750" : 0.000000,
        "1000" : 0.000000
      },
      "latency_us" : {
        "2" : 0.000000,
        "4" : 0.010000,
        "10" : 0.000000,
        "20" : 92.503729,
        "50" : 7.310665,
        "100" : 0.122666,
        "250" : 0.035825,
        "500" : 0.024030,
        "750" : 0.010000,
        "1000" : 0.010000
      },
      "latency_ms" : {
        "2" : 0.010000,
        "4" : 0.010000,
        "10" : 0.000000,
        "20" : 0.010000,
        "50" : 0.000000,
        "100" : 0.000000,
        "250" : 0.000000,
        "500" : 0.000000,
        "750" : 0.000000,
        "1000" : 0.000000,
        "2000" : 0.000000,
        ">=2000" : 0.000000
      },
      "latency_depth" : 3,
      "latency_target" : 0,
      "latency_percentile" : 100.000000,
      "latency_window" : 0
    }
  ],
  "disk_util" : [
    {
      "name" : "nvme0n1",
      "read_ios" : 23,
      "write_ios" : 55,
      "read_merges" : 0,
      "write_merges" : 5,
      "read_ticks" : 2,
      "write_ticks" : 155,
      "in_queue" : 156,
      "util" : 0.140636
    }
  ]
}
