{
  "fio version" : "fio-3.32-10-g6b6f5",
  "timestamp" : 1665685928,
  "timestamp_ms" : 1665685928051,
  "time" : "Thu Oct 13 18:32:08 2022",
  "jobs" : [
    {
      "jobname" : "zns-fio",
      "groupid" : 0,
      "error" : 0,
      "eta" : 0,
      "elapsed" : 41,
      "job options" : {
        "name" : "zns-fio",
        "directory" : "/mnt/f2fs",
        "size" : "40G",
        "ioengine" : "libaio",
        "iodepth" : "7",
        "rw" : "write",
        "bs" : "4K",
        "runtime" : "30s",
        "numjobs" : "1",
        "ramp_time" : "10s",
        "write_hint" : "short",
        "nrfiles" : "1",
        "thread" : "1"
      },
      "read" : {
        "io_bytes" : 0,
        "io_kbytes" : 0,
        "bw_bytes" : 0,
        "bw" : 0,
        "iops" : 0.000000,
        "runtime" : 0,
        "total_ios" : 0,
        "short_ios" : 0,
        "drop_ios" : 0,
        "slat_ns" : {
          "min" : 0,
          "max" : 0,
          "mean" : 0.000000,
          "stddev" : 0.000000,
          "N" : 0
        },
        "clat_ns" : {
          "min" : 0,
          "max" : 0,
          "mean" : 0.000000,
          "stddev" : 0.000000,
          "N" : 0
        },
        "lat_ns" : {
          "min" : 0,
          "max" : 0,
          "mean" : 0.000000,
          "stddev" : 0.000000,
          "N" : 0
        },
        "bw_min" : 0,
        "bw_max" : 0,
        "bw_agg" : 0.000000,
        "bw_mean" : 0.000000,
        "bw_dev" : 0.000000,
        "bw_samples" : 0,
        "iops_min" : 0,
        "iops_max" : 0,
        "iops_mean" : 0.000000,
        "iops_stddev" : 0.000000,
        "iops_samples" : 0
      },
      "write" : {
        "io_bytes" : 16102469632,
        "io_kbytes" : 15725068,
        "bw_bytes" : 536731096,
        "bw" : 524151,
        "iops" : 131037.632079,
        "runtime" : 30001,
        "total_ios" : 3931260,
        "short_ios" : 0,
        "drop_ios" : 0,
        "slat_ns" : {
          "min" : 4102,
          "max" : 15014070,
          "mean" : 5479.326096,
          "stddev" : 9677.484951,
          "N" : 3931261
        },
        "clat_ns" : {
          "min" : 4047,
          "max" : 15073168,
          "mean" : 47491.020172,
          "stddev" : 24337.541423,
          "N" : 3931266,
          "percentile" : {
            "1.000000" : 40192,
            "5.000000" : 41216,
            "10.000000" : 41728,
            "20.000000" : 42752,
            "30.000000" : 43264,
            "40.000000" : 44288,
            "50.000000" : 45824,
            "60.000000" : 47360,
            "70.000000" : 48384,
            "80.000000" : 49920,
            "90.000000" : 52992,
            "95.000000" : 58112,
            "99.000000" : 72192,
            "99.500000" : 84480,
            "99.900000" : 191488,
            "99.950000" : 321536,
            "99.990000" : 448512
          }
        },
        "lat_ns" : {
          "min" : 8869,
          "max" : 15080771,
          "mean" : 52970.345696,
          "stddev" : 26301.954330,
          "N" : 3931266
        },
        "bw_min" : 472632,
        "bw_max" : 577000,
        "bw_agg" : 100.000000,
        "bw_mean" : 524591.457627,
        "bw_dev" : 23799.233527,
        "bw_samples" : 59,
        "iops_min" : 118158,
        "iops_max" : 144250,
        "iops_mean" : 131147.677966,
        "iops_stddev" : 5949.793649,
        "iops_samples" : 59
      },
      "trim" : {
        "io_bytes" : 0,
        "io_kbytes" : 0,
        "bw_bytes" : 0,
        "bw" : 0,
        "iops" : 0.000000,
        "runtime" : 0,
        "total_ios" : 0,
        "short_ios" : 0,
        "drop_ios" : 0,
        "slat_ns" : {
          "min" : 0,
          "max" : 0,
          "mean" : 0.000000,
          "stddev" : 0.000000,
          "N" : 0
        },
        "clat_ns" : {
          "min" : 0,
          "max" : 0,
          "mean" : 0.000000,
          "stddev" : 0.000000,
          "N" : 0
        },
        "lat_ns" : {
          "min" : 0,
          "max" : 0,
          "mean" : 0.000000,
          "stddev" : 0.000000,
          "N" : 0
        },
        "bw_min" : 0,
        "bw_max" : 0,
        "bw_agg" : 0.000000,
        "bw_mean" : 0.000000,
        "bw_dev" : 0.000000,
        "bw_samples" : 0,
        "iops_min" : 0,
        "iops_max" : 0,
        "iops_mean" : 0.000000,
        "iops_stddev" : 0.000000,
        "iops_samples" : 0
      },
      "sync" : {
        "total_ios" : 0,
        "lat_ns" : {
          "min" : 0,
          "max" : 0,
          "mean" : 0.000000,
          "stddev" : 0.000000,
          "N" : 0
        }
      },
      "job_runtime" : 30000,
      "usr_cpu" : 33.766667,
      "sys_cpu" : 64.883333,
      "ctx" : 18521,
      "majf" : 0,
      "minf" : 0,
      "iodepth_level" : {
        "1" : 0.000000,
        "2" : 0.000000,
        "4" : 100.000000,
        "8" : 0.000000,
        "16" : 0.000000,
        "32" : 0.000000,
        ">=64" : 0.000000
      },
      "iodepth_submit" : {
        "0" : 0.000000,
        "4" : 100.000000,
        "8" : 0.000000,
        "16" : 0.000000,
        "32" : 0.000000,
        "64" : 0.000000,
        ">=64" : 0.000000
      },
      "iodepth_complete" : {
        "0" : 0.000000,
        "4" : 99.999975,
        "8" : 0.100000,
        "16" : 0.000000,
        "32" : 0.000000,
        "64" : 0.000000,
        ">=64" : 0.000000
      },
      "latency_ns" : {
        "2" : 0.000000,
        "4" : 0.000000,
        "10" : 0.000000,
        "20" : 0.000000,
        "50" : 0.000000,
        "100" : 0.000000,
        "250" : 0.000000,
        "500" : 0.000000,
        "750" : 0.000000,
        "1000" : 0.000000
      },
      "latency_us" : {
        "2" : 0.000000,
        "4" : 0.000000,
        "10" : 0.010000,
        "20" : 0.010000,
        "50" : 80.022843,
        "100" : 19.704675,
        "250" : 0.187879,
        "500" : 0.077202,
        "750" : 0.010000,
        "1000" : 0.010000
      },
      "latency_ms" : {
        "2" : 0.010000,
        "4" : 0.010000,
        "10" : 0.000000,
        "20" : 0.010000,
        "50" : 0.000000,
        "100" : 0.000000,
        "250" : 0.000000,
        "500" : 0.000000,
        "750" : 0.000000,
        "1000" : 0.000000,
        "2000" : 0.000000,
        ">=2000" : 0.000000
      },
      "latency_depth" : 7,
      "latency_target" : 0,
      "latency_percentile" : 100.000000,
      "latency_window" : 0
    }
  ],
  "disk_util" : [
    {
      "name" : "nvme0n1",
      "read_ios" : 24,
      "write_ios" : 62,
      "read_merges" : 0,
      "write_merges" : 8,
      "read_ticks" : 2,
      "write_ticks" : 133,
      "in_queue" : 135,
      "util" : 0.170841
    }
  ]
}
