{
  "fio version" : "fio-3.32-10-g6b6f5",
  "timestamp" : 1665685971,
  "timestamp_ms" : 1665685971341,
  "time" : "Thu Oct 13 18:32:51 2022",
  "jobs" : [
    {
      "jobname" : "zns-fio",
      "groupid" : 0,
      "error" : 0,
      "eta" : 0,
      "elapsed" : 41,
      "job options" : {
        "name" : "zns-fio",
        "directory" : "/mnt/f2fs",
        "size" : "40G",
        "ioengine" : "libaio",
        "iodepth" : "8",
        "rw" : "write",
        "bs" : "4K",
        "runtime" : "30s",
        "numjobs" : "1",
        "ramp_time" : "10s",
        "write_hint" : "short",
        "nrfiles" : "1",
        "thread" : "1"
      },
      "read" : {
        "io_bytes" : 0,
        "io_kbytes" : 0,
        "bw_bytes" : 0,
        "bw" : 0,
        "iops" : 0.000000,
        "runtime" : 0,
        "total_ios" : 0,
        "short_ios" : 0,
        "drop_ios" : 0,
        "slat_ns" : {
          "min" : 0,
          "max" : 0,
          "mean" : 0.000000,
          "stddev" : 0.000000,
          "N" : 0
        },
        "clat_ns" : {
          "min" : 0,
          "max" : 0,
          "mean" : 0.000000,
          "stddev" : 0.000000,
          "N" : 0
        },
        "lat_ns" : {
          "min" : 0,
          "max" : 0,
          "mean" : 0.000000,
          "stddev" : 0.000000,
          "N" : 0
        },
        "bw_min" : 0,
        "bw_max" : 0,
        "bw_agg" : 0.000000,
        "bw_mean" : 0.000000,
        "bw_dev" : 0.000000,
        "bw_samples" : 0,
        "iops_min" : 0,
        "iops_max" : 0,
        "iops_mean" : 0.000000,
        "iops_stddev" : 0.000000,
        "iops_samples" : 0
      },
      "write" : {
        "io_bytes" : 15762776064,
        "io_kbytes" : 15393336,
        "bw_bytes" : 525408355,
        "bw" : 513094,
        "iops" : 128273.257558,
        "runtime" : 30001,
        "total_ios" : 3848326,
        "short_ios" : 0,
        "drop_ios" : 0,
        "slat_ns" : {
          "min" : 4218,
          "max" : 14988371,
          "mean" : 5615.712464,
          "stddev" : 9854.319558,
          "N" : 3848327
        },
        "clat_ns" : {
          "min" : 3682,
          "max" : 15046272,
          "mean" : 56261.197645,
          "stddev" : 26782.092672,
          "N" : 3848333,
          "percentile" : {
            "1.000000" : 47872,
            "5.000000" : 48384,
            "10.000000" : 49408,
            "20.000000" : 50432,
            "30.000000" : 51968,
            "40.000000" : 52992,
            "50.000000" : 53504,
            "60.000000" : 55552,
            "70.000000" : 57600,
            "80.000000" : 59648,
            "90.000000" : 63744,
            "95.000000" : 69120,
            "99.000000" : 84480,
            "99.500000" : 99840,
            "99.900000" : 254976,
            "99.950000" : 346112,
            "99.990000" : 497664
          }
        },
        "lat_ns" : {
          "min" : 9202,
          "max" : 15051981,
          "mean" : 61876.908517,
          "stddev" : 28689.226100,
          "N" : 3848333
        },
        "bw_min" : 457520,
        "bw_max" : 572120,
        "bw_agg" : 100.000000,
        "bw_mean" : 514274.305085,
        "bw_dev" : 26139.397747,
        "bw_samples" : 59,
        "iops_min" : 114380,
        "iops_max" : 143032,
        "iops_mean" : 128568.508475,
        "iops_stddev" : 6534.907876,
        "iops_samples" : 59
      },
      "trim" : {
        "io_bytes" : 0,
        "io_kbytes" : 0,
        "bw_bytes" : 0,
        "bw" : 0,
        "iops" : 0.000000,
        "runtime" : 0,
        "total_ios" : 0,
        "short_ios" : 0,
        "drop_ios" : 0,
        "slat_ns" : {
          "min" : 0,
          "max" : 0,
          "mean" : 0.000000,
          "stddev" : 0.000000,
          "N" : 0
        },
        "clat_ns" : {
          "min" : 0,
          "max" : 0,
          "mean" : 0.000000,
          "stddev" : 0.000000,
          "N" : 0
        },
        "lat_ns" : {
          "min" : 0,
          "max" : 0,
          "mean" : 0.000000,
          "stddev" : 0.000000,
          "N" : 0
        },
        "bw_min" : 0,
        "bw_max" : 0,
        "bw_agg" : 0.000000,
        "bw_mean" : 0.000000,
        "bw_dev" : 0.000000,
        "bw_samples" : 0,
        "iops_min" : 0,
        "iops_max" : 0,
        "iops_mean" : 0.000000,
        "iops_stddev" : 0.000000,
        "iops_samples" : 0
      },
      "sync" : {
        "total_ios" : 0,
        "lat_ns" : {
          "min" : 0,
          "max" : 0,
          "mean" : 0.000000,
          "stddev" : 0.000000,
          "N" : 0
        }
      },
      "job_runtime" : 30000,
      "usr_cpu" : 32.650000,
      "sys_cpu" : 66.116667,
      "ctx" : 17200,
      "majf" : 0,
      "minf" : 0,
      "iodepth_level" : {
        "1" : 0.000000,
        "2" : 0.000000,
        "4" : 0.000000,
        "8" : 100.000000,
        "16" : 0.000000,
        "32" : 0.000000,
        ">=64" : 0.000000
      },
      "iodepth_submit" : {
        "0" : 0.000000,
        "4" : 100.000000,
        "8" : 0.000000,
        "16" : 0.000000,
        "32" : 0.000000,
        "64" : 0.000000,
        ">=64" : 0.000000
      },
      "iodepth_complete" : {
        "0" : 0.000000,
        "4" : 99.999974,
        "8" : 0.100000,
        "16" : 0.000000,
        "32" : 0.000000,
        "64" : 0.000000,
        ">=64" : 0.000000
      },
      "latency_ns" : {
        "2" : 0.000000,
        "4" : 0.000000,
        "10" : 0.000000,
        "20" : 0.000000,
        "50" : 0.000000,
        "100" : 0.000000,
        "250" : 0.000000,
        "500" : 0.000000,
        "750" : 0.000000,
        "1000" : 0.000000
      },
      "latency_us" : {
        "2" : 0.000000,
        "4" : 0.010000,
        "10" : 0.000000,
        "20" : 0.010000,
        "50" : 17.887622,
        "100" : 81.621567,
        "250" : 0.387987,
        "500" : 0.093183,
        "750" : 0.010000,
        "1000" : 0.010000
      },
      "latency_ms" : {
        "2" : 0.010000,
        "4" : 0.010000,
        "10" : 0.010000,
        "20" : 0.010000,
        "50" : 0.000000,
        "100" : 0.000000,
        "250" : 0.000000,
        "500" : 0.000000,
        "750" : 0.000000,
        "1000" : 0.000000,
        "2000" : 0.000000,
        ">=2000" : 0.000000
      },
      "latency_depth" : 8,
      "latency_target" : 0,
      "latency_percentile" : 100.000000,
      "latency_window" : 0
    }
  ],
  "disk_util" : [
    {
      "name" : "nvme0n1",
      "read_ios" : 24,
      "write_ios" : 59,
      "read_merges" : 0,
      "write_merges" : 9,
      "read_ticks" : 2,
      "write_ticks" : 201,
      "in_queue" : 204,
      "util" : 0.160776
    }
  ]
}
