{
  "fio version" : "fio-3.32-10-g6b6f5",
  "timestamp" : 1665685712,
  "timestamp_ms" : 1665685712011,
  "time" : "Thu Oct 13 18:28:32 2022",
  "jobs" : [
    {
      "jobname" : "zns-fio",
      "groupid" : 0,
      "error" : 0,
      "eta" : 0,
      "elapsed" : 41,
      "job options" : {
        "name" : "zns-fio",
        "directory" : "/mnt/f2fs",
        "size" : "40G",
        "ioengine" : "libaio",
        "iodepth" : "2",
        "rw" : "write",
        "bs" : "4K",
        "runtime" : "30s",
        "numjobs" : "1",
        "ramp_time" : "10s",
        "write_hint" : "short",
        "nrfiles" : "1",
        "thread" : "1"
      },
      "read" : {
        "io_bytes" : 0,
        "io_kbytes" : 0,
        "bw_bytes" : 0,
        "bw" : 0,
        "iops" : 0.000000,
        "runtime" : 0,
        "total_ios" : 0,
        "short_ios" : 0,
        "drop_ios" : 0,
        "slat_ns" : {
          "min" : 0,
          "max" : 0,
          "mean" : 0.000000,
          "stddev" : 0.000000,
          "N" : 0
        },
        "clat_ns" : {
          "min" : 0,
          "max" : 0,
          "mean" : 0.000000,
          "stddev" : 0.000000,
          "N" : 0
        },
        "lat_ns" : {
          "min" : 0,
          "max" : 0,
          "mean" : 0.000000,
          "stddev" : 0.000000,
          "N" : 0
        },
        "bw_min" : 0,
        "bw_max" : 0,
        "bw_agg" : 0.000000,
        "bw_mean" : 0.000000,
        "bw_dev" : 0.000000,
        "bw_samples" : 0,
        "iops_min" : 0,
        "iops_max" : 0,
        "iops_mean" : 0.000000,
        "iops_stddev" : 0.000000,
        "iops_samples" : 0
      },
      "write" : {
        "io_bytes" : 15022415872,
        "io_kbytes" : 14670328,
        "bw_bytes" : 500730504,
        "bw" : 488994,
        "iops" : 122248.591714,
        "runtime" : 30001,
        "total_ios" : 3667580,
        "short_ios" : 0,
        "drop_ios" : 0,
        "slat_ns" : {
          "min" : 4148,
          "max" : 13424892,
          "mean" : 5869.755213,
          "stddev" : 10073.169780,
          "N" : 3667581
        },
        "clat_ns" : {
          "min" : 4291,
          "max" : 13439333,
          "mean" : 9988.229319,
          "stddev" : 10316.537990,
          "N" : 3667581,
          "percentile" : {
            "1.000000" : 7968,
            "5.000000" : 8096,
            "10.000000" : 8256,
            "20.000000" : 8512,
            "30.000000" : 8768,
            "40.000000" : 9280,
            "50.000000" : 9536,
            "60.000000" : 9792,
            "70.000000" : 10176,
            "80.000000" : 10560,
            "90.000000" : 11712,
            "95.000000" : 12352,
            "99.000000" : 19584,
            "99.500000" : 24704,
            "99.900000" : 42752,
            "99.950000" : 62720,
            "99.990000" : 268288
          }
        },
        "lat_ns" : {
          "min" : 11322,
          "max" : 13462175,
          "mean" : 15857.984532,
          "stddev" : 14548.525191,
          "N" : 3667581
        },
        "bw_min" : 389936,
        "bw_max" : 562292,
        "bw_agg" : 100.000000,
        "bw_mean" : 491379.305085,
        "bw_dev" : 47176.427068,
        "bw_samples" : 59,
        "iops_min" : 97484,
        "iops_max" : 140573,
        "iops_mean" : 122844.745763,
        "iops_stddev" : 11794.008125,
        "iops_samples" : 59
      },
      "trim" : {
        "io_bytes" : 0,
        "io_kbytes" : 0,
        "bw_bytes" : 0,
        "bw" : 0,
        "iops" : 0.000000,
        "runtime" : 0,
        "total_ios" : 0,
        "short_ios" : 0,
        "drop_ios" : 0,
        "slat_ns" : {
          "min" : 0,
          "max" : 0,
          "mean" : 0.000000,
          "stddev" : 0.000000,
          "N" : 0
        },
        "clat_ns" : {
          "min" : 0,
          "max" : 0,
          "mean" : 0.000000,
          "stddev" : 0.000000,
          "N" : 0
        },
        "lat_ns" : {
          "min" : 0,
          "max" : 0,
          "mean" : 0.000000,
          "stddev" : 0.000000,
          "N" : 0
        },
        "bw_min" : 0,
        "bw_max" : 0,
        "bw_agg" : 0.000000,
        "bw_mean" : 0.000000,
        "bw_dev" : 0.000000,
        "bw_samples" : 0,
        "iops_min" : 0,
        "iops_max" : 0,
        "iops_mean" : 0.000000,
        "iops_stddev" : 0.000000,
        "iops_samples" : 0
      },
      "sync" : {
        "total_ios" : 0,
        "lat_ns" : {
          "min" : 0,
          "max" : 0,
          "mean" : 0.000000,
          "stddev" : 0.000000,
          "N" : 0
        }
      },
      "job_runtime" : 30000,
      "usr_cpu" : 31.570000,
      "sys_cpu" : 67.220000,
      "ctx" : 16458,
      "majf" : 0,
      "minf" : 0,
      "iodepth_level" : {
        "1" : 0.000000,
        "2" : 100.000000,
        "4" : 0.000000,
        "8" : 0.000000,
        "16" : 0.000000,
        "32" : 0.000000,
        ">=64" : 0.000000
      },
      "iodepth_submit" : {
        "0" : 0.000000,
        "4" : 100.000000,
        "8" : 0.000000,
        "16" : 0.000000,
        "32" : 0.000000,
        "64" : 0.000000,
        ">=64" : 0.000000
      },
      "iodepth_complete" : {
        "0" : 0.000000,
        "4" : 100.000000,
        "8" : 0.000000,
        "16" : 0.000000,
        "32" : 0.000000,
        "64" : 0.000000,
        ">=64" : 0.000000
      },
      "latency_ns" : {
        "2" : 0.000000,
        "4" : 0.000000,
        "10" : 0.000000,
        "20" : 0.000000,
        "50" : 0.000000,
        "100" : 0.000000,
        "250" : 0.000000,
        "500" : 0.000000,
        "750" : 0.000000,
        "1000" : 0.000000
      },
      "latency_us" : {
        "2" : 0.000000,
        "4" : 0.000000,
        "10" : 66.613053,
        "20" : 32.447499,
        "50" : 0.864057,
        "100" : 0.046243,
        "250" : 0.018050,
        "500" : 0.010000,
        "750" : 0.010000,
        "1000" : 0.010000
      },
      "latency_ms" : {
        "2" : 0.010000,
        "4" : 0.010000,
        "10" : 0.010000,
        "20" : 0.010000,
        "50" : 0.000000,
        "100" : 0.000000,
        "250" : 0.000000,
        "500" : 0.000000,
        "750" : 0.000000,
        "1000" : 0.000000,
        "2000" : 0.000000,
        ">=2000" : 0.000000
      },
      "latency_depth" : 2,
      "latency_target" : 0,
      "latency_percentile" : 100.000000,
      "latency_window" : 0
    }
  ],
  "disk_util" : [
    {
      "name" : "nvme0n1",
      "read_ios" : 24,
      "write_ios" : 59,
      "read_merges" : 0,
      "write_merges" : 7,
      "read_ticks" : 1,
      "write_ticks" : 112,
      "in_queue" : 114,
      "util" : 0.140679
    }
  ]
}
