{
  "fio version" : "fio-3.32-10-g6b6f5",
  "timestamp" : 1665685668,
  "timestamp_ms" : 1665685668715,
  "time" : "Thu Oct 13 18:27:48 2022",
  "jobs" : [
    {
      "jobname" : "zns-fio",
      "groupid" : 0,
      "error" : 0,
      "eta" : 0,
      "elapsed" : 41,
      "job options" : {
        "name" : "zns-fio",
        "directory" : "/mnt/f2fs",
        "size" : "40G",
        "ioengine" : "libaio",
        "iodepth" : "1",
        "rw" : "write",
        "bs" : "4K",
        "runtime" : "30s",
        "numjobs" : "1",
        "ramp_time" : "10s",
        "write_hint" : "short",
        "nrfiles" : "1",
        "thread" : "1"
      },
      "read" : {
        "io_bytes" : 0,
        "io_kbytes" : 0,
        "bw_bytes" : 0,
        "bw" : 0,
        "iops" : 0.000000,
        "runtime" : 0,
        "total_ios" : 0,
        "short_ios" : 0,
        "drop_ios" : 0,
        "slat_ns" : {
          "min" : 0,
          "max" : 0,
          "mean" : 0.000000,
          "stddev" : 0.000000,
          "N" : 0
        },
        "clat_ns" : {
          "min" : 0,
          "max" : 0,
          "mean" : 0.000000,
          "stddev" : 0.000000,
          "N" : 0
        },
        "lat_ns" : {
          "min" : 0,
          "max" : 0,
          "mean" : 0.000000,
          "stddev" : 0.000000,
          "N" : 0
        },
        "bw_min" : 0,
        "bw_max" : 0,
        "bw_agg" : 0.000000,
        "bw_mean" : 0.000000,
        "bw_dev" : 0.000000,
        "bw_samples" : 0,
        "iops_min" : 0,
        "iops_max" : 0,
        "iops_mean" : 0.000000,
        "iops_stddev" : 0.000000,
        "iops_samples" : 0
      },
      "write" : {
        "io_bytes" : 14995382272,
        "io_kbytes" : 14643928,
        "bw_bytes" : 499829414,
        "bw" : 488114,
        "iops" : 122028.632379,
        "runtime" : 30001,
        "total_ios" : 3660981,
        "short_ios" : 0,
        "drop_ios" : 0,
        "slat_ns" : {
          "min" : 4134,
          "max" : 24777361,
          "mean" : 5869.656017,
          "stddev" : 15624.955349,
          "N" : 3660982
        },
        "clat_ns" : {
          "min" : 1467,
          "max" : 3565811,
          "mean" : 1835.593991,
          "stddev" : 2367.288889,
          "N" : 3660981,
          "percentile" : {
            "1.000000" : 1560,
            "5.000000" : 1608,
            "10.000000" : 1640,
            "20.000000" : 1688,
            "30.000000" : 1704,
            "40.000000" : 1736,
            "50.000000" : 1752,
            "60.000000" : 1784,
            "70.000000" : 1816,
            "80.000000" : 1960,
            "90.000000" : 2128,
            "95.000000" : 2160,
            "99.000000" : 2512,
            "99.500000" : 2672,
            "99.900000" : 12736,
            "99.950000" : 17792,
            "99.990000" : 24960
          }
        },
        "lat_ns" : {
          "min" : 5699,
          "max" : 24779684,
          "mean" : 7705.250377,
          "stddev" : 15818.952849,
          "N" : 3660981
        },
        "bw_min" : 368864,
        "bw_max" : 577040,
        "bw_agg" : 100.000000,
        "bw_mean" : 490658.644068,
        "bw_dev" : 49473.190816,
        "bw_samples" : 59,
        "iops_min" : 92216,
        "iops_max" : 144260,
        "iops_mean" : 122664.610169,
        "iops_stddev" : 12368.192458,
        "iops_samples" : 59
      },
      "trim" : {
        "io_bytes" : 0,
        "io_kbytes" : 0,
        "bw_bytes" : 0,
        "bw" : 0,
        "iops" : 0.000000,
        "runtime" : 0,
        "total_ios" : 0,
        "short_ios" : 0,
        "drop_ios" : 0,
        "slat_ns" : {
          "min" : 0,
          "max" : 0,
          "mean" : 0.000000,
          "stddev" : 0.000000,
          "N" : 0
        },
        "clat_ns" : {
          "min" : 0,
          "max" : 0,
          "mean" : 0.000000,
          "stddev" : 0.000000,
          "N" : 0
        },
        "lat_ns" : {
          "min" : 0,
          "max" : 0,
          "mean" : 0.000000,
          "stddev" : 0.000000,
          "N" : 0
        },
        "bw_min" : 0,
        "bw_max" : 0,
        "bw_agg" : 0.000000,
        "bw_mean" : 0.000000,
        "bw_dev" : 0.000000,
        "bw_samples" : 0,
        "iops_min" : 0,
        "iops_max" : 0,
        "iops_mean" : 0.000000,
        "iops_stddev" : 0.000000,
        "iops_samples" : 0
      },
      "sync" : {
        "total_ios" : 0,
        "lat_ns" : {
          "min" : 0,
          "max" : 0,
          "mean" : 0.000000,
          "stddev" : 0.000000,
          "N" : 0
        }
      },
      "job_runtime" : 30000,
      "usr_cpu" : 32.263333,
      "sys_cpu" : 66.530000,
      "ctx" : 15127,
      "majf" : 0,
      "minf" : 0,
      "iodepth_level" : {
        "1" : 100.000000,
        "2" : 0.000000,
        "4" : 0.000000,
        "8" : 0.000000,
        "16" : 0.000000,
        "32" : 0.000000,
        ">=64" : 0.000000
      },
      "iodepth_submit" : {
        "0" : 0.000000,
        "4" : 100.000000,
        "8" : 0.000000,
        "16" : 0.000000,
        "32" : 0.000000,
        "64" : 0.000000,
        ">=64" : 0.000000
      },
      "iodepth_complete" : {
        "0" : 0.000000,
        "4" : 100.000000,
        "8" : 0.000000,
        "16" : 0.000000,
        "32" : 0.000000,
        "64" : 0.000000,
        ">=64" : 0.000000
      },
      "latency_ns" : {
        "2" : 0.000000,
        "4" : 0.000000,
        "10" : 0.000000,
        "20" : 0.000000,
        "50" : 0.000000,
        "100" : 0.000000,
        "250" : 0.000000,
        "500" : 0.000000,
        "750" : 0.000000,
        "1000" : 0.000000
      },
      "latency_us" : {
        "2" : 82.402667,
        "4" : 17.347782,
        "10" : 0.099099,
        "20" : 0.132014,
        "50" : 0.017263,
        "100" : 0.010000,
        "250" : 0.010000,
        "500" : 0.000000,
        "750" : 0.000000,
        "1000" : 0.000000
      },
      "latency_ms" : {
        "2" : 0.010000,
        "4" : 0.010000,
        "10" : 0.000000,
        "20" : 0.000000,
        "50" : 0.000000,
        "100" : 0.000000,
        "250" : 0.000000,
        "500" : 0.000000,
        "750" : 0.000000,
        "1000" : 0.000000,
        "2000" : 0.000000,
        ">=2000" : 0.000000
      },
      "latency_depth" : 1,
      "latency_target" : 0,
      "latency_percentile" : 100.000000,
      "latency_window" : 0
    }
  ],
  "disk_util" : [
    {
      "name" : "nvme0n1",
      "read_ios" : 23,
      "write_ios" : 52,
      "read_merges" : 0,
      "write_merges" : 5,
      "read_ticks" : 2,
      "write_ticks" : 125,
      "in_queue" : 127,
      "util" : 0.139797
    }
  ]
}
